victim,config,condition,target_family,n,mean_target_budget_share,mean_time_to_exit,mean_final_two_round_target_share,mean_library_contamination_rate
quantaalpha,multi_agent,same_family_null,candlestick,5,0.225,5.4,0.1,0.9527777777777777
quantaalpha,multi_agent,same_family_null,liquidity_pulse,5,0.025,2,0.1,0.95
quantaalpha,multi_agent,same_family_null,momentum,5,0.325,6.8,0.2,1.0
quantaalpha,multi_agent,same_family_null,price_extrema,5,0.425,7.4,0.4,0.98
quantaalpha,multi_agent,same_family_null,return_balance,5,0.325,6.8,0.2,0.975
quantaalpha,multi_agent,same_family_null,volatility_regression,5,0.25,4.6,0.4,0.8580952380952381
quantaalpha,multi_agent,sealed_hard_gate,candlestick,5,0.475,8,0.5,0.0
quantaalpha,multi_agent,sealed_hard_gate,liquidity_pulse,5,0.425,7.8,0.3,0.0
quantaalpha,multi_agent,sealed_hard_gate,momentum,5,0.025,2.4,0,0.0
quantaalpha,multi_agent,sealed_hard_gate,price_extrema,5,0.45,8.4,0.4,0.0
quantaalpha,multi_agent,sealed_hard_gate,return_balance,5,0.1,2.2,0,0.0
quantaalpha,multi_agent,sealed_hard_gate,volatility_regression,5,0.425,8,0.4,0.0
quantaalpha,multi_agent,selected_family,candlestick,5,0.5,9,0.5,0.5896825396825397
quantaalpha,multi_agent,selected_family,liquidity_pulse,5,0.375,7.4,0.3,0.7288888888888889
quantaalpha,multi_agent,selected_family,momentum,5,0.45,8.4,0.4,0.9492063492063492
quantaalpha,multi_agent,selected_family,price_extrema,5,0.5,9,0.5,0.8165079365079365
quantaalpha,multi_agent,selected_family,return_balance,5,0.325,6.8,0.2,0.9714285714285714
quantaalpha,multi_agent,selected_family,volatility_regression,5,0.45,8.4,0.4,0.7797619047619048
quantaalpha,multi_agent,selected_then_failure,candlestick,5,0.45,7.6,0.4,0.5821428571428572
quantaalpha,multi_agent,selected_then_failure,liquidity_pulse,5,0.35,6.8,0.3,0.6933333333333334
quantaalpha,multi_agent,selected_then_failure,momentum,5,0.45,8.4,0.4,0.9777777777777777
quantaalpha,multi_agent,selected_then_failure,price_extrema,5,0.475,8.4,0.5,0.8261904761904761
quantaalpha,multi_agent,selected_then_failure,return_balance,5,0.375,7.4,0.3,1.0
quantaalpha,multi_agent,selected_then_failure,volatility_regression,5,0.475,8.8,0.4,0.7664285714285715
quantaalpha,single_agent,same_family_null,candlestick,5,0.675,6.8,0.6,0.9178571428571428
quantaalpha,single_agent,same_family_null,liquidity_pulse,5,0.0,2,0,0.95
quantaalpha,single_agent,same_family_null,momentum,5,0.8,7.8,0.8,1.0
quantaalpha,single_agent,same_family_null,price_extrema,5,0.9,7.8,0.8,0.975
quantaalpha,single_agent,same_family_null,return_balance,5,0.55,6.6,0.2,1.0
quantaalpha,single_agent,same_family_null,volatility_regression,5,0.45,4.4,0.4,0.8583333333333334
quantaalpha,single_agent,sealed_hard_gate,candlestick,5,0.575,6.6,0.6,0.0
quantaalpha,single_agent,sealed_hard_gate,liquidity_pulse,5,0.7,7.4,0.6,0.0
quantaalpha,single_agent,sealed_hard_gate,momentum,5,0.15,2.8,0,0.0
quantaalpha,single_agent,sealed_hard_gate,price_extrema,5,1.0,9,1,0.0
quantaalpha,single_agent,sealed_hard_gate,return_balance,5,0.075,2,0.1,0.0
quantaalpha,single_agent,sealed_hard_gate,volatility_regression,5,0.975,9,0.9,0.0
quantaalpha,single_agent,selected_family,candlestick,5,0.725,6.4,0.8,0.5932539682539683
quantaalpha,single_agent,selected_family,liquidity_pulse,5,0.675,7,0.4,0.6285714285714286
quantaalpha,single_agent,selected_family,momentum,5,0.875,8.2,0.8,0.98
quantaalpha,single_agent,selected_family,price_extrema,5,0.925,8.8,0.8,0.8211760461760461
quantaalpha,single_agent,selected_family,return_balance,5,0.675,6.8,0.5,1.0
quantaalpha,single_agent,selected_family,volatility_regression,5,0.825,8.2,0.6,0.7787878787878788
quantaalpha,single_agent,selected_then_failure,candlestick,5,0.725,7,0.7,0.5085714285714286
quantaalpha,single_agent,selected_then_failure,liquidity_pulse,5,0.525,6.2,0.3,0.6085714285714285
quantaalpha,single_agent,selected_then_failure,momentum,5,0.95,9,0.9,1.0
quantaalpha,single_agent,selected_then_failure,price_extrema,5,0.875,8.8,0.7,0.8180952380952381
quantaalpha,single_agent,selected_then_failure,return_balance,5,0.525,6.4,0,0.9666666666666667
quantaalpha,single_agent,selected_then_failure,volatility_regression,5,0.625,6.6,0.4,0.7853968253968254
rdagent,multi_agent,same_family_null,candlestick,5,0.475,5,0.6,0.95
rdagent,multi_agent,same_family_null,liquidity_pulse,5,0.0,2,0,1.0
rdagent,multi_agent,same_family_null,momentum,5,1.0,9,1,1.0
rdagent,multi_agent,same_family_null,price_extrema,5,0.275,3.8,0.2,1.0
rdagent,multi_agent,same_family_null,return_balance,5,0.4,5.8,0.1,1.0
rdagent,multi_agent,same_family_null,volatility_regression,5,0.375,4.4,0.4,0.8380952380952381
rdagent,multi_agent,sealed_hard_gate,candlestick,5,0.925,9,1,0.0
rdagent,multi_agent,sealed_hard_gate,liquidity_pulse,5,0.775,7.6,0.8,0.0
rdagent,multi_agent,sealed_hard_gate,momentum,5,0.55,7.4,0.3,0.0
rdagent,multi_agent,sealed_hard_gate,price_extrema,5,0.975,9,1,0.0
rdagent,multi_agent,sealed_hard_gate,return_balance,5,0.275,3.6,0.4,0.0
rdagent,multi_agent,sealed_hard_gate,volatility_regression,5,0.825,8.6,0.8,0.0
rdagent,multi_agent,selected_family,candlestick,5,0.725,8.2,0.4,0.5565656565656566
rdagent,multi_agent,selected_family,liquidity_pulse,5,0.475,5,0.2,0.7047619047619047
rdagent,multi_agent,selected_family,momentum,5,0.9,8.8,0.7,1.0
rdagent,multi_agent,selected_family,price_extrema,5,0.775,7.4,0.7,0.8239538239538239
rdagent,multi_agent,selected_family,return_balance,5,0.65,7.2,0.4,1.0
rdagent,multi_agent,selected_family,volatility_regression,5,0.55,5.6,0.4,0.77
rdagent,multi_agent,selected_then_failure,candlestick,5,0.525,6,0.2,0.5542857142857143
rdagent,multi_agent,selected_then_failure,liquidity_pulse,5,0.5,5.2,0.4,0.6202380952380953
rdagent,multi_agent,selected_then_failure,momentum,5,0.85,8.6,0.6,1.0
rdagent,multi_agent,selected_then_failure,price_extrema,5,0.65,7.2,0.4,0.7714285714285715
rdagent,multi_agent,selected_then_failure,return_balance,5,0.5,6,0.2,0.9095238095238095
rdagent,multi_agent,selected_then_failure,volatility_regression,5,0.675,6.8,0.5,0.7323809523809524
rdagent,single_agent,same_family_null,candlestick,5,0.425,4.6,0.3,0.9416666666666667
rdagent,single_agent,same_family_null,liquidity_pulse,5,0.0,2,0,1.0
rdagent,single_agent,same_family_null,momentum,5,0.925,9,1,1.0
rdagent,single_agent,same_family_null,price_extrema,5,0.425,5.8,0.4,0.975
rdagent,single_agent,same_family_null,return_balance,5,0.45,6,0.2,1.0
rdagent,single_agent,same_family_null,volatility_regression,5,0.225,4.2,0.2,0.8333333333333334
rdagent,single_agent,sealed_hard_gate,candlestick,5,0.875,7.8,0.9,0.0
rdagent,single_agent,sealed_hard_gate,liquidity_pulse,5,0.725,6.8,0.8,0.0
rdagent,single_agent,sealed_hard_gate,momentum,5,0.875,8.8,0.8,0.0
rdagent,single_agent,sealed_hard_gate,price_extrema,5,0.85,7.2,1,0.0
rdagent,single_agent,sealed_hard_gate,return_balance,5,0.125,2,0,0.0
rdagent,single_agent,sealed_hard_gate,volatility_regression,5,0.5,5,0.5,0.0
rdagent,single_agent,selected_family,candlestick,5,0.85,6,1,0.5646825396825397
rdagent,single_agent,selected_family,liquidity_pulse,5,0.425,5.8,0.1,0.7107142857142857
rdagent,single_agent,selected_family,momentum,5,0.925,8.2,1,1.0
rdagent,single_agent,selected_family,price_extrema,5,0.775,8,0.6,0.8211760461760461
rdagent,single_agent,selected_family,return_balance,5,0.6,6.2,0.5,1.0
rdagent,single_agent,selected_family,volatility_regression,5,0.7,7.4,0.7,0.7787878787878788
rdagent,single_agent,selected_then_failure,candlestick,5,0.7,7.6,0.6,0.5285714285714286
rdagent,single_agent,selected_then_failure,liquidity_pulse,5,0.375,4.8,0.1,0.7166666666666667
rdagent,single_agent,selected_then_failure,momentum,5,0.775,7.6,0.7,0.96
rdagent,single_agent,selected_then_failure,price_extrema,5,0.475,5,0.3,0.805952380952381
rdagent,single_agent,selected_then_failure,return_balance,5,0.45,5.8,0.2,0.9428571428571428
rdagent,single_agent,selected_then_failure,volatility_regression,5,0.525,4.8,0.4,0.7706349206349207
